x,y,z,u,v
0.1901072,0.9192405,-0.7967497,0.1694189,0.6233502
0.02603938,0.9910573,-1.145796,0.1840983,0.6297757
-0.02603939,0.9910573,-1.145796,0.1887578,0.6297757
-0.1901072,0.9192405,-0.7967497,0.2034373,0.6233502
0.2896549,0.9040766,-0.6410002,0.1605124,0.6219935
-0.2896549,0.9040766,-0.6410002,0.2123438,0.6219935
0.3430564,0.8959414,-0.5312221,0.1557344,0.6212656
-0.3430564,0.8959414,-0.5312221,0.2171218,0.6212656
0.3821392,0.8899859,-0.3984194,0.1522376,0.6207327
-0.3821392,0.8899859,-0.3984194,0.2206186,0.6207327
0.3964309,0.8878061,-0.2781768,0.1509589,0.6205377
-0.3964309,0.8878061,-0.2781768,0.2218972,0.6205377
0.396287,0.8878061,0.4801897,0.1509718,0.6205377
0.4697666,0.826913,-0.2781683,0.1443975,0.6150895
-0.396287,0.8878061,0.4801897,0.2218843,0.6205377
-0.4697666,0.8269006,0.4247507,0.2284587,0.6150884
-0.431547,0.826499,0.5257723,0.2250391,0.6150525
-0.4697666,0.826913,-0.2781683,0.2284587,0.6150895
-0.4697666,0.1011384,-0.278151,0.2284587,0.5501536
-0.4697666,0.1008402,0.4247509,0.2284587,0.5501269
-0.431547,0.1148777,0.5257723,0.2250391,0.5513829
-0.3973736,0.03000019,0.4801899,0.2219816,0.5437888
-0.3715537,0.04356123,0.510644,0.2196715,0.5450021
0.3973736,0.03000019,0.4801899,0.1508746,0.5437888
-0.4227521,0.1195485,0.5362618,0.2242522,0.5518008
0.4697666,0.8269006,0.4247507,0.1443975,0.6150884
0.431547,0.826499,0.5257723,0.147817,0.6150525
0.2630537,0.8878062,0.6387148,0.1628923,0.6205377
0.4697666,0.1008402,0.4247509,0.1443975,0.5501269
0.4697666,0.1011384,-0.278151,0.1443975,0.5501536
0.431547,0.1148777,0.5257723,0.147817,0.5513829
0.4227521,0.1195485,0.5362618,0.1486039,0.5518008
0.3715537,0.04356129,0.5106441,0.1531847,0.5450021
-0.3043186,0.1157589,0.5950274,0.2136558,0.5514617
0.3043186,0.1157588,0.5950274,0.1592003,0.5514617
-0.2738881,0.1702926,0.6314851,0.2109332,0.5563409
0.3758565,0.2032092,0.5921916,0.1527997,0.559286
0.2738881,0.1702926,0.6314851,0.161923,0.5563409
-0.3758565,0.2032091,0.5921916,0.2200564,0.559286
-0.2352383,0.3256877,0.6778667,0.2074751,0.5702443
0.3413707,0.3410078,0.633321,0.1558852,0.571615
-0.3413707,0.3410078,0.633321,0.2169709,0.571615
0.2352383,0.3256877,0.6778667,0.165381,0.5702443
0.328584,0.5126389,0.6485714,0.1570293,0.5869711
-0.2217502,0.5089886,0.6941539,0.2062683,0.5866444
-0.328584,0.826499,0.6485713,0.2158269,0.6150525
0.328584,0.826499,0.6485713,0.1570293,0.6150525
0.2217502,0.5089886,0.6941539,0.1665878,0.5866444
0.2218066,0.826499,0.6941538,0.1665828,0.6150525
-0.2630536,0.8878062,0.6387148,0.2099638,0.6205377
-0.2218066,0.826499,0.6941538,0.2062733,0.6150525
-0.328584,0.5126389,0.6485714,0.2158269,0.5869711
-0.3973736,0.03000019,0.4801899,0.2219816,0.5437888
-0.4697666,0.1008402,0.4247509,0.2284587,0.5501269
-0.4697666,0.1011384,-0.278151,0.2284587,0.5501536
-0.3922326,0.04499431,-0.2721995,0.2215216,0.5451304
0.3922326,0.04499431,-0.2721995,0.1513346,0.5451304
0.3973736,0.03000019,0.4801899,0.1508746,0.5437888
0.4697666,0.1008402,0.4247509,0.1443975,0.5501269
0.4697666,0.1011384,-0.278151,0.1443975,0.5501536
-0.3834707,0.06641614,-0.3937223,0.2207377,0.547047
0.3834707,0.06641614,-0.3937223,0.1521185,0.547047
0.4608981,0.1213742,-0.3992365,0.145191,0.5519641
-0.4608981,0.1213742,-0.3992365,0.2276652,0.5519641
-0.4697666,0.826913,-0.2781683,0.2284587,0.6150895
0.4568627,0.8292181,-0.3983803,0.145552,0.6152958
0.4697666,0.826913,-0.2781683,0.1443975,0.6150895
0.3821392,0.8899859,-0.3984194,0.1522376,0.6207327
0.3964309,0.8878061,-0.2781768,0.1509589,0.6205377
0.3430564,0.8959414,-0.5312221,0.1557344,0.6212656
0.421609,0.8355123,-0.5310907,0.1487062,0.6158589
0.2896549,0.9040766,-0.6410002,0.1605124,0.6219935
0.4366689,0.1765763,-0.5343164,0.1473588,0.5569031
0.3608707,0.1210399,-0.5299383,0.1541406,0.5519342
0.3734514,0.8441089,-0.6407397,0.1530149,0.6166281
0.2633861,0.8637558,-0.8314171,0.1628626,0.6183859
0.1901072,0.9192405,-0.7967497,0.1694189,0.6233502
0.4035713,0.2519535,-0.6471959,0.15032,0.5636473
-0.3608707,0.1210399,-0.5299383,0.2187156,0.5519342
0.09795872,0.9283435,-1.148263,0.1776636,0.6241646
0.02603938,0.9910573,-1.145796,0.1840983,0.6297757
0.2633861,0.5711669,-1.01423,0.1628626,0.5922076
0.3304881,0.1942292,-0.6443484,0.1568589,0.5584825
0.1936059,0.5235554,-1.043978,0.1691059,0.5879478
-0.3304881,0.1942292,-0.6443484,0.2159972,0.5584825
-0.4366689,0.1765763,-0.5343164,0.2254974,0.5569031
-0.4568627,0.8292181,-0.3983803,0.2273041,0.6152958
-0.3964309,0.8878061,-0.2781768,0.2218972,0.6205377
-0.3821392,0.8899859,-0.3984194,0.2206186,0.6207327
-0.421609,0.8355123,-0.5310907,0.22415,0.6158589
-0.3430564,0.8959414,-0.5312221,0.2171218,0.6212656
-0.4035713,0.2519535,-0.6471959,0.2225361,0.5636473
-0.3734514,0.8441089,-0.6407397,0.2198413,0.6166281
-0.2896549,0.9040766,-0.6410002,0.2123438,0.6219935
-0.1901072,0.9192405,-0.7967497,0.2034373,0.6233502
-0.2633861,0.5711669,-1.01423,0.2099936,0.5922076
-0.2633861,0.8637558,-0.8314171,0.2099936,0.6183859
-0.02603939,0.9910573,-1.145796,0.1887578,0.6297757
-0.1936059,0.5235554,-1.043978,0.2037502,0.5879478
-0.1215257,0.8718889,-1.1608,0.1973011,0.6191136
-0.09795874,0.9283435,-1.148263,0.1951926,0.6241646
0.02830202,0.8678112,-1.199642,0.1838959,0.6187488
-0.02830204,0.8678112,-1.199642,0.1889603,0.6187488
-0.02900642,0.9409653,-1.2,0.1890233,0.6252939
0.02900645,0.9409653,-1.2,0.1838329,0.6252939
0.1215258,0.8718889,-1.160801,0.175555,0.6191136
-0.3430633,0.8592743,0.6005456,0.2171224,0.617985
-0.4026383,0.8699117,-0.08631776,0.2224526,0.6189367
-0.3430633,0.8592741,-0.085581,0.2171224,0.617985
-0.4026383,0.8699118,0.6012824,0.2224526,0.6189367
-0.4551388,0.9004415,-0.0883082,0.2271499,0.6216682
-0.4551388,0.9004415,0.6032728,0.2271499,0.6216682
-0.4926341,0.946746,-0.0911198,0.2305046,0.6258112
-0.4926341,0.9467461,0.6060845,0.2305046,0.6258112
-0.5090404,1.002246,-0.09425622,0.2319725,0.6307768
-0.4478595,0.9076523,0.6613841,0.2264986,0.6223134
-0.4051213,0.8828084,0.6626036,0.2226748,0.6200905
-0.5090404,1.002246,0.6092208,0.2319725,0.6307768
-0.4782009,0.9453672,0.6671444,0.2292133,0.6256878
-0.4365129,0.9188761,0.693995,0.2254834,0.6233176
-0.548991,1.796651,0.636826,0.235547,0.7018532
-0.548991,1.796651,-0.1218616,0.235547,0.7018532
-0.4797744,1.874643,-0.08201987,0.229354,0.7088312
-0.4797744,1.874643,0.5969844,0.229354,0.7088312
-0.3821143,1.929932,-0.03282799,0.2206164,0.713778
-0.3821143,1.929932,0.5477925,0.2206164,0.713778
-0.2884379,1.958622,0.01119424,0.212235,0.716345
-0.2884379,1.958622,0.5037702,0.212235,0.716345
-0.2269742,1.966623,0.03050803,0.2067357,0.7170608
-0.3864734,1.922188,0.606023,0.2210063,0.7130852
-0.463246,1.876619,0.654333,0.2278752,0.709008
-0.5348897,1.797027,0.7007629,0.2342853,0.7018868
-0.4970665,1.002246,0.6694176,0.2309013,0.6307768
-0.4510239,0.9482296,0.7085062,0.2267817,0.6259438
-0.2269742,1.966623,0.4844563,0.2067357,0.7170608
-0.3129575,1.947446,0.5704398,0.2144287,0.715345
-0.3918315,1.909444,0.6493138,0.2214857,0.7119449
-0.4397546,1.872924,0.6972368,0.2257735,0.7086775
-0.4978043,1.797161,0.7552865,0.2309672,0.7018988
-0.4629678,1.002246,0.7204501,0.2278504,0.6307768
-0.4432807,1.797027,0.792372,0.2260889,0.7018868
-0.3968507,1.876619,0.7207283,0.2219348,0.709008
-0.3485407,1.922188,0.6439556,0.2176124,0.7130852
-0.4119354,1.002246,0.7545487,0.2232844,0.6307768
-0.3793439,1.796651,0.8064733,0.2203685,0.7018532
-0.4096621,0.9453671,0.7356832,0.2230811,0.6256878
-0.246288,1.958622,0.5459201,0.2084637,0.716345
-0.3395022,1.874643,0.7372566,0.2168037,0.7088312
-0.3517386,1.002246,0.7665227,0.2178985,0.6307768
-0.4039019,0.9076523,0.7053418,0.2225657,0.6223134
-0.2903103,1.929932,0.6395964,0.2124025,0.713778
0.3793439,1.796651,0.8064733,0.1524877,0.7018532
0.3395022,1.874643,0.7372566,0.1560524,0.7088312
0.2903103,1.929932,0.6395964,0.1604537,0.713778
0.246288,1.958622,0.5459201,0.1643924,0.716345
0.3485407,1.922188,0.6439556,0.1552438,0.7130852
0.2269742,1.966623,0.4844563,0.1661204,0.7170608
0.2269742,1.966623,0.03050803,0.1661204,0.7170608
0.2884379,1.958622,0.01119424,0.1606212,0.716345
0.3129575,1.947446,0.5704398,0.1584274,0.715345
0.2884379,1.958622,0.5037702,0.1606212,0.716345
0.3821143,1.929932,-0.03282799,0.1522398,0.713778
0.3968507,1.876619,0.7207283,0.1509214,0.709008
0.3918315,1.909444,0.6493138,0.1513705,0.7119449
0.3864734,1.922188,0.606023,0.1518498,0.7130852
0.3821143,1.929932,0.5477925,0.1522398,0.713778
0.4797744,1.874643,-0.08201987,0.1435021,0.7088312
0.4797744,1.874643,0.5969844,0.1435021,0.7088312
0.548991,1.796651,-0.1218616,0.1373092,0.7018532
0.463246,1.876619,0.654333,0.1449809,0.709008
0.4397546,1.872924,0.6972368,0.1470827,0.7086775
0.4432807,1.797027,0.792372,0.1467672,0.7018868
0.548991,1.796651,0.636826,0.1373092,0.7018532
0.5348897,1.797027,0.7007629,0.1385708,0.7018868
0.5090404,1.002246,0.6092208,0.1408836,0.6307768
0.5090404,1.002246,-0.09425622,0.1408836,0.6307768
0.4926341,0.946746,-0.0911198,0.1423515,0.6258112
0.3517386,1.002246,0.7665227,0.1549576,0.6307768
0.4978043,1.797161,0.7552865,0.1418889,0.7018988
0.4970665,1.002246,0.6694176,0.1419549,0.6307768
0.4926341,0.9467461,0.6060845,0.1423515,0.6258112
0.4551388,0.9004415,-0.0883082,0.1457063,0.6216682
0.4119354,1.002246,0.7545487,0.1495717,0.6307768
0.4629678,1.002246,0.7204501,0.1450058,0.6307768
0.4782009,0.9453672,0.6671444,0.1436429,0.6256878
0.4510239,0.9482296,0.7085062,0.1460744,0.6259438
0.4551388,0.9004415,0.6032728,0.1457063,0.6216682
0.4026383,0.8699117,-0.08631776,0.1504035,0.6189367
0.4096621,0.9453671,0.7356832,0.1497751,0.6256878
0.4478595,0.9076523,0.6613841,0.1463575,0.6223134
0.4026383,0.8699118,0.6012824,0.1504035,0.6189367
0.3430633,0.8592741,-0.085581,0.1557338,0.617985
0.3430633,0.8592743,0.6005456,0.1557338,0.617985
0.4365129,0.9188761,0.693995,0.1473727,0.6233176
0.4051213,0.8828084,0.6626036,0.1501814,0.6200905
0.3486021,0.9467461,0.7501163,0.1552382,0.6258112
0.4039019,0.9076523,0.7053418,0.1502905,0.6223134
-0.3486021,0.9467461,0.7501163,0.2176179,0.6258112
0.3438001,0.8699117,0.6601206,0.1556679,0.6189367
0.3457905,0.9004415,0.7126212,0.1554898,0.6216682
-0.3457905,0.9004415,0.7126212,0.2173664,0.6216682
-0.3438001,0.8699117,0.6601206,0.2171883,0.6189367
0.3430633,0.8592741,-0.085581,0.1557338,0.617985
-0.3430633,0.8592741,-0.085581,0.2171224,0.617985
0.3438001,0.8699117,-0.145156,0.1556679,0.6189367
0.4051213,0.8828083,-0.147639,0.1501814,0.6200905
0.4026383,0.8699117,-0.08631776,0.1504035,0.6189367
0.4478595,0.9076521,-0.1464195,0.1463575,0.6223134
0.4551388,0.9004415,-0.0883082,0.1457063,0.6216682
0.4926341,0.946746,-0.0911198,0.1423515,0.6258112
0.4782009,0.9453671,-0.1521799,0.1436429,0.6256878
0.5090404,1.002246,-0.09425622,0.1408836,0.6307768
0.4365129,0.9188759,-0.1790305,0.1473727,0.6233176
0.4039019,0.9076521,-0.1903771,0.1502905,0.6223134
-0.3438001,0.8699117,-0.145156,0.2171883,0.6189367
0.3457905,0.9004415,-0.1976565,0.1554898,0.6216682
-0.4051213,0.8828083,-0.147639,0.2226748,0.6200905
-0.4026383,0.8699117,-0.08631776,0.2224526,0.6189367
-0.4478595,0.9076521,-0.1464195,0.2264986,0.6223134
-0.4551388,0.9004415,-0.0883082,0.2271499,0.6216682
-0.4926341,0.946746,-0.0911198,0.2305046,0.6258112
-0.4782009,0.9453671,-0.1521799,0.2292133,0.6256878
-0.5090404,1.002246,-0.09425622,0.2319725,0.6307768
-0.4365129,0.9188759,-0.1790305,0.2254834,0.6233176
-0.4039019,0.9076521,-0.1903771,0.2225657,0.6223134
-0.3457905,0.9004415,-0.1976565,0.2173664,0.6216682
0.3486021,0.946746,-0.2351518,0.1552382,0.6258111
-0.4970665,1.002246,-0.154453,0.2309013,0.6307768
-0.548991,1.796651,-0.1218616,0.235547,0.7018532
-0.4510239,0.9482294,-0.1935416,0.2267817,0.6259438
-0.3486021,0.946746,-0.2351518,0.2176179,0.6258111
-0.4096622,0.9453671,-0.2207185,0.2230811,0.6256878
0.4096622,0.9453671,-0.2207185,0.1497751,0.6256878
0.3517386,1.002246,-0.251558,0.1549576,0.6307768
-0.3517386,1.002246,-0.251558,0.2178985,0.6307768
-0.4119354,1.002246,-0.2395841,0.2232844,0.6307768
-0.4629678,1.002246,-0.2054854,0.2278504,0.6307768
0.4510239,0.9482294,-0.1935416,0.1460744,0.6259438
-0.5348897,1.797027,-0.1857984,0.2342853,0.7018868
-0.4978043,1.797161,-0.240322,0.2309672,0.7018988
-0.4432807,1.797027,-0.2774074,0.2260889,0.7018868
-0.463246,1.876619,-0.1393685,0.2278752,0.709008
-0.4797744,1.874643,-0.08201987,0.229354,0.7088312
-0.4397546,1.872924,-0.1822723,0.2257735,0.7086775
-0.3793438,1.796651,-0.2915087,0.2203685,0.7018532
-0.3864733,1.922188,-0.09105842,0.2210063,0.7130852
-0.3821143,1.929932,-0.03282799,0.2206164,0.713778
-0.2884379,1.958622,0.01119424,0.212235,0.716345
-0.3918315,1.909444,-0.1343492,0.2214857,0.7119449
-0.3968507,1.876619,-0.2057638,0.2219348,0.709008
-0.3129575,1.947446,-0.05547515,0.2144287,0.7153449
-0.2269742,1.966623,0.03050803,0.2067357,0.7170608
-0.3485407,1.922188,-0.128991,0.2176124,0.7130852
-0.246288,1.958622,-0.03095558,0.2084637,0.716345
0.2269742,1.966623,0.03050803,0.1661204,0.7170608
-0.3395022,1.874643,-0.2222922,0.2168037,0.7088312
-0.2903103,1.929932,-0.1246319,0.2124025,0.713778
0.246288,1.958622,-0.03095558,0.1643924,0.716345
0.2903103,1.929932,-0.1246319,0.1604537,0.713778
0.3395022,1.874643,-0.2222922,0.1560524,0.7088312
0.3129575,1.947446,-0.05547515,0.1584274,0.7153449
0.2884379,1.958622,0.01119424,0.1606212,0.716345
0.3485407,1.922188,-0.128991,0.1552438,0.7130852
0.3793438,1.796651,-0.2915087,0.1524877,0.7018532
0.3864733,1.922188,-0.09105842,0.1518498,0.7130852
0.3821143,1.929932,-0.03282799,0.1522398,0.713778
0.4797744,1.874643,-0.08201987,0.1435021,0.7088312
0.3918315,1.909444,-0.1343492,0.1513705,0.7119449
0.3968507,1.876619,-0.2057638,0.1509214,0.709008
0.463246,1.876619,-0.1393685,0.1449809,0.709008
0.548991,1.796651,-0.1218616,0.1373092,0.7018532
0.4119354,1.002246,-0.2395841,0.1495717,0.6307768
0.4432807,1.797027,-0.2774074,0.1467672,0.7018868
0.4397546,1.872924,-0.1822723,0.1470827,0.7086775
0.5348897,1.797027,-0.1857984,0.1385708,0.7018868
0.4629678,1.002246,-0.2054854,0.1450058,0.6307768
0.4978043,1.797161,-0.240322,0.1418889,0.7018988
0.4970665,1.002246,-0.154453,0.1419549,0.6307768
-0.487472,0.7939477,-0.1025331,0.2300428,0.6121401
-0.4494769,0.7674901,0.1048682,0.2266433,0.6097729
-0.4498457,0.7939477,-0.1025332,0.2266763,0.6121401
-0.4868604,0.7674901,0.1048682,0.2299881,0.6097729
-0.3400537,0.7150379,0.3301066,0.2168531,0.6050799
-0.5148316,0.7632668,0.1048682,0.2324907,0.609395
-0.5153682,0.7897031,-0.1025331,0.2325387,0.6117603
-0.5400648,0.7510101,0.1048682,0.2347483,0.6082984
-0.5405337,0.7773849,-0.1025331,0.2347903,0.6106582
-0.5600899,0.7319198,0.1048682,0.23654,0.6065904
-0.5605052,0.7581989,-0.1025331,0.2365772,0.6089416
-0.5729469,0.7078645,0.1048682,0.2376904,0.6044381
-0.5733277,0.734023,-0.1025331,0.2377244,0.6067785
-0.5773772,0.6811991,0.1048682,0.2380867,0.6020523
-0.577746,0.7072239,-0.1025331,0.2381197,0.6043808
-0.3773029,0.7150379,0.3301066,0.2201858,0.6050799
-0.4069397,0.7115996,0.3267637,0.2228375,0.6047723
-0.4369236,0.7016205,0.3170618,0.2255201,0.6038795
-0.4643195,0.6860777,0.3019509,0.2279713,0.6024889
-0.4864458,0.6664927,0.28291,0.2299509,0.6007365
-0.3773029,0.259782,0.3301067,0.2201858,0.5643476
-0.3400537,0.259782,0.3301067,0.2168531,0.5643476
-0.4494769,0.2073298,0.1048683,0.2266433,0.5596547
-0.4069397,0.2632206,0.3267637,0.2228375,0.5646552
-0.4369236,0.2731997,0.3170618,0.2255201,0.5655481
-0.4643196,0.2887424,0.3019509,0.2279713,0.5669387
-0.4868604,0.2073298,0.1048683,0.2299881,0.5596547
-0.4498457,0.1808722,-0.1025331,0.2266763,0.5572875
-0.487472,0.1808723,-0.1025331,0.2300428,0.5572875
-0.5153682,0.1851168,-0.1025331,0.2325387,0.5576673
-0.5148316,0.2115532,0.1048683,0.2324907,0.5600325
-0.5405337,0.1974351,-0.1025331,0.2347903,0.5587693
-0.5400648,0.2238099,0.1048683,0.2347483,0.5611292
-0.5605052,0.2166211,-0.1025331,0.2365772,0.560486
-0.56009,0.2429003,0.1048683,0.23654,0.5628372
-0.5733277,0.240797,-0.1025331,0.2377244,0.562649
-0.5729469,0.2669556,0.1048683,0.2376904,0.5649894
-0.577746,0.2675962,-0.1025331,0.2381197,0.5650468
-0.4864458,0.3083274,0.28291,0.2299509,0.5686911
-0.5773772,0.293621,0.1048682,0.2380867,0.5673752
-0.5011367,0.3300375,0.261803,0.2312653,0.5706335
-0.5011367,0.6447825,0.261803,0.2312653,0.5987941
-0.577746,0.3017706,-0.3092962,0.2381197,0.5681044
-0.577746,0.6730493,-0.3092962,0.2381197,0.6013231
-0.4498457,0.2142378,-0.3092961,0.2266763,0.5602728
-0.4498457,0.1808722,-0.1025331,0.2266763,0.5572875
-0.487472,0.1808723,-0.1025331,0.2300428,0.5572875
-0.4876238,0.2142378,-0.3092961,0.2300564,0.5602728
-0.4498457,0.427898,-0.5160593,0.2266763,0.5793892
-0.5154731,0.218522,-0.3092961,0.2325481,0.560656
-0.5153682,0.1851168,-0.1025331,0.2325387,0.5576673
-0.5405963,0.2309551,-0.3092961,0.2347959,0.5617685
-0.5405337,0.1974351,-0.1025331,0.2347903,0.5587693
-0.5605342,0.2503201,-0.3092961,0.2365797,0.5635011
-0.5605052,0.2166211,-0.1025331,0.2365772,0.560486
-0.5733351,0.2747214,-0.3092962,0.2377251,0.5656843
-0.5733277,0.240797,-0.1025331,0.2377244,0.562649
-0.577746,0.3017706,-0.3092962,0.2381197,0.5681044
-0.577746,0.2675962,-0.1025331,0.2381197,0.5650468
-0.577746,0.4403001,-0.442466,0.2381197,0.5804988
-0.577746,0.6730493,-0.3092962,0.2381197,0.6013231
-0.5733387,0.4364676,-0.4652076,0.2377254,0.5801559
-0.5605482,0.4330103,-0.485723,0.236581,0.5798466
-0.5406264,0.4302666,-0.5020042,0.2347986,0.5796011
-0.577746,0.5345198,-0.442466,0.2381197,0.5889288
-0.5733387,0.5383523,-0.4652076,0.2377254,0.5892717
-0.5605482,0.5418096,-0.485723,0.236581,0.589581
-0.5733351,0.7000985,-0.3092962,0.2377251,0.6037433
-0.577746,0.7072239,-0.1025331,0.2381197,0.6043808
-0.5733277,0.734023,-0.1025331,0.2377244,0.6067785
-0.5605342,0.7244998,-0.3092962,0.2365797,0.6059265
-0.5605052,0.7581989,-0.1025331,0.2365772,0.6089416
-0.5155236,0.428505,-0.5124573,0.2325526,0.5794435
-0.5406264,0.5445533,-0.5020042,0.2347986,0.5898265
-0.5405963,0.7438648,-0.3092962,0.2347959,0.6076591
-0.5405337,0.7773849,-0.1025331,0.2347903,0.6106582
-0.4876969,0.427898,-0.5160592,0.2300629,0.5793892
-0.5155236,0.5463148,-0.5124573,0.2325526,0.5899841
-0.5154731,0.7562979,-0.3092962,0.2325481,0.6087716
-0.5153682,0.7897031,-0.1025331,0.2325387,0.6117603
-0.4876969,0.5469218,-0.5160593,0.2300629,0.5900384
-0.4498457,0.5469218,-0.5160593,0.2266763,0.5900384
-0.4498457,0.7605821,-0.3092962,0.2266763,0.6091548
-0.4876238,0.7605821,-0.3092962,0.2300564,0.6091548
-0.487472,0.7939477,-0.1025331,0.2300428,0.6121401
-0.4498457,0.7939477,-0.1025332,0.2266763,0.6121401
0.487472,0.7939477,-0.1025331,0.1428133,0.6121401
0.4498457,0.7939477,-0.1025332,0.1461798,0.6121401
0.4494769,0.7674901,0.1048682,0.1462128,0.6097729
0.4868604,0.7674901,0.1048682,0.1428681,0.6097729
0.3400537,0.7150379,0.3301066,0.156003,0.6050799
0.5148316,0.7632668,0.1048682,0.1403655,0.609395
0.5153682,0.7897031,-0.1025331,0.1403175,0.6117603
0.5400648,0.7510101,0.1048682,0.1381079,0.6082984
0.5405337,0.7773849,-0.1025331,0.1380659,0.6106582
0.5600899,0.7319198,0.1048682,0.1363162,0.6065904
0.5605052,0.7581989,-0.1025331,0.136279,0.6089416
0.5729469,0.7078645,0.1048682,0.1351658,0.6044381
0.5733277,0.734023,-0.1025331,0.1351317,0.6067785
0.5773772,0.6811991,0.1048682,0.1347694,0.6020523
0.577746,0.7072239,-0.1025331,0.1347365,0.6043808
0.3773029,0.7150379,0.3301066,0.1526704,0.6050799
0.4069397,0.7115996,0.3267637,0.1500187,0.6047723
0.4369236,0.7016205,0.3170618,0.147336,0.6038795
0.4643195,0.6860777,0.3019509,0.1448849,0.6024889
0.4864458,0.6664927,0.28291,0.1429052,0.6007365
0.3773029,0.259782,0.3301067,0.1526704,0.5643476
0.3400537,0.259782,0.3301067,0.156003,0.5643476
0.4494769,0.2073298,0.1048683,0.1462128,0.5596547
0.4069397,0.2632206,0.3267637,0.1500187,0.5646552
0.4369236,0.2731997,0.3170618,0.147336,0.5655481
0.4643196,0.2887424,0.3019509,0.1448849,0.5669387
0.4868604,0.2073298,0.1048683,0.1428681,0.5596547
0.4498457,0.1808722,-0.1025331,0.1461798,0.5572875
0.487472,0.1808723,-0.1025331,0.1428133,0.5572875
0.5153682,0.1851168,-0.1025331,0.1403175,0.5576673
0.5148316,0.2115532,0.1048683,0.1403655,0.5600325
0.5405337,0.1974351,-0.1025331,0.1380659,0.5587693
0.5400648,0.2238099,0.1048683,0.1381079,0.5611292
0.5605052,0.2166211,-0.1025331,0.136279,0.560486
0.56009,0.2429003,0.1048683,0.1363162,0.5628372
0.5733277,0.240797,-0.1025331,0.1351317,0.562649
0.5729469,0.2669556,0.1048683,0.1351658,0.5649894
0.577746,0.2675962,-0.1025331,0.1347365,0.5650468
0.4864458,0.3083274,0.28291,0.1429051,0.5686911
0.5773772,0.293621,0.1048682,0.1347694,0.5673752
0.5011367,0.3300375,0.261803,0.1415908,0.5706335
0.5011367,0.6447825,0.261803,0.1415908,0.5987941
0.577746,0.3017706,-0.3092962,0.1347365,0.5681044
0.577746,0.6730493,-0.3092962,0.1347365,0.6013231
0.4498457,0.2142378,-0.3092961,0.1461798,0.5602728
0.487472,0.1808723,-0.1025331,0.1428133,0.5572875
0.4498457,0.1808722,-0.1025331,0.1461798,0.5572875
0.4876238,0.2142378,-0.3092961,0.1427997,0.5602728
0.4498457,0.427898,-0.5160593,0.1461798,0.5793892
0.5154731,0.218522,-0.3092961,0.1403081,0.560656
0.5153682,0.1851168,-0.1025331,0.1403175,0.5576673
0.5405963,0.2309551,-0.3092961,0.1380603,0.5617685
0.5405337,0.1974351,-0.1025331,0.1380659,0.5587693
0.5605342,0.2503201,-0.3092961,0.1362764,0.5635011
0.5605052,0.2166211,-0.1025331,0.136279,0.560486
0.5733351,0.2747214,-0.3092962,0.1351311,0.5656843
0.5733277,0.240797,-0.1025331,0.1351317,0.562649
0.577746,0.3017706,-0.3092962,0.1347365,0.5681044
0.577746,0.2675962,-0.1025331,0.1347365,0.5650468
0.577746,0.4403001,-0.442466,0.1347365,0.5804988
0.577746,0.6730493,-0.3092962,0.1347365,0.6013231
0.5733387,0.4364676,-0.4652076,0.1351308,0.5801559
0.5605482,0.4330103,-0.485723,0.1362751,0.5798466
0.5406264,0.4302666,-0.5020042,0.1380575,0.5796011
0.577746,0.5345198,-0.442466,0.1347365,0.5889288
0.5733387,0.5383523,-0.4652076,0.1351308,0.5892717
0.5605482,0.5418096,-0.485723,0.1362751,0.589581
0.5733351,0.7000985,-0.3092962,0.1351311,0.6037433
0.577746,0.7072239,-0.1025331,0.1347365,0.6043808
0.5733277,0.734023,-0.1025331,0.1351317,0.6067785
0.5605342,0.7244998,-0.3092962,0.1362764,0.6059265
0.5605052,0.7581989,-0.1025331,0.136279,0.6089416
0.5155236,0.428505,-0.5124573,0.1403036,0.5794435
0.5406264,0.5445533,-0.5020042,0.1380575,0.5898265
0.5405963,0.7438648,-0.3092962,0.1380603,0.6076591
0.5405337,0.7773849,-0.1025331,0.1380659,0.6106582
0.4876969,0.427898,-0.5160592,0.1427933,0.5793892
0.5155236,0.5463148,-0.5124573,0.1403036,0.5899841
0.5154731,0.7562979,-0.3092962,0.1403081,0.6087716
0.5153682,0.7897031,-0.1025331,0.1403175,0.6117603
0.4876969,0.5469218,-0.5160593,0.1427933,0.5900384
0.4498457,0.5469218,-0.5160593,0.1461798,0.5900384
0.4498457,0.7605821,-0.3092962,0.1461798,0.6091548
0.4876238,0.7605821,-0.3092962,0.1427997,0.6091548
0.487472,0.7939477,-0.1025331,0.1428133,0.6121401
0.4498457,0.7939477,-0.1025332,0.1461798,0.6121401
-0.3264972,1.004198,0.5171223,0.6076362,0.284113
-0.3407066,1.049001,0.8368444,0.6096473,0.2984616
-0.3573197,1.100869,0.828923,0.6119984,0.3150726
-0.3573197,1.359871,0.4716033,0.6119984,0.3980204
0.3194097,0.9793668,0.5203002,0.516223,0.2761603
0.3264972,1.004198,0.5171223,0.51522,0.284113
0.3407066,1.049001,0.8368444,0.513209,0.2984616
0.3281796,1.025306,0.8404632,0.5149818,0.2908728
0.3035301,0.9583154,0.5229944,0.5184703,0.2694185
0.3068783,1.049119,1.005169,0.5179966,0.2984993
0.3573197,1.100869,0.828923,0.5108578,0.3150726
0.3076848,1.005217,0.8435311,0.5178825,0.2844394
0.2812759,0.9442495,0.5247945,0.5216201,0.2649139
0.2954166,1.025379,1.003417,0.5196186,0.2908963
0.2823425,0.9917949,0.845581,0.5214691,0.2801405
0.2560351,0.9393101,0.5254266,0.5251923,0.2633318
0.2560108,0.9870816,0.8463008,0.5251956,0.2786313
0.2764731,1.005252,0.9986918,0.5222997,0.2844503
-0.2560108,0.9870816,0.8463008,0.5976604,0.2786313
-0.2560351,0.9393101,0.5254266,0.5976638,0.2633318
-0.2812759,0.9442495,0.5247945,0.6012362,0.2649139
-0.2823425,0.9917949,0.845581,0.6013872,0.2801405
-0.3035301,0.9583154,0.5229944,0.6043857,0.2694185
0.2529319,0.991804,0.991711,0.5256315,0.2801438
-0.2283769,0.9870818,0.9835386,0.5937496,0.2786313
-0.3076848,1.005217,0.8435311,0.6049737,0.2844394
-0.3194097,0.9793668,0.5203002,0.6066331,0.2761603
-0.2529319,0.991804,0.991711,0.5972247,0.2801438
-0.3281796,1.025306,0.8404632,0.6078743,0.2908728
-0.3264972,1.004198,0.5171223,0.6076362,0.284113
-0.3407066,1.049001,0.8368444,0.6096473,0.2984616
-0.2764731,1.005252,0.9986918,0.6005564,0.2844503
-0.2134514,0.9870816,1.024686,0.5916371,0.2786313
-0.2366712,0.9918141,1.036548,0.5949235,0.280147
-0.2954166,1.025379,1.003417,0.6032374,0.2908963
-0.1909655,0.9870818,1.055877,0.5884549,0.2786313
-0.2589143,1.005291,1.04713,0.5980714,0.2844629
-0.1601006,0.9870818,1.081151,0.5840865,0.2786313
-0.1250873,0.9870816,1.097044,0.5791313,0.2786313
-0.08591297,0.9870818,1.102942,0.5735871,0.2786313
-0.210153,0.9918245,1.073337,0.5911704,0.2801504
-0.1741086,0.9918342,1.102855,0.5860692,0.2801532
-0.2286744,1.005331,1.089094,0.5937916,0.2844759
-0.2767944,1.02546,1.054821,0.6006019,0.2909223
-0.3068783,1.049119,1.005169,0.6048595,0.2984993
-0.1328129,0.9918417,1.121601,0.5802246,0.2801557
-0.1878275,1.005368,1.122553,0.5880107,0.2844876
-0.3218062,1.100869,1.005454,0.6069723,0.3150726
-0.3573197,1.100869,0.828923,0.6119984,0.3150726
-0.3015415,1.100869,1.061321,0.6041042,0.3150726
-0.2875893,1.049251,1.058451,0.6021296,0.2985416
-0.2652092,1.100869,1.111719,0.5989622,0.3150726
-0.2437099,1.025544,1.100751,0.5959196,0.2909492
-0.2529706,1.049388,1.106531,0.5972302,0.2985856
-0.2163656,1.100869,1.151715,0.5920497,0.3150726
-0.1991687,1.025622,1.137247,0.5896158,0.2909744
-0.2064055,1.049514,1.144699,0.5906399,0.2986259
-0.1597919,1.100869,1.177395,0.5840429,0.3150726
-0.1407259,1.005397,1.143939,0.5813446,0.2844971
-0.1524505,1.049615,1.169212,0.5830039,0.2986581
-0.1010259,1.100869,1.2,0.575726,0.3150726
-0.1476218,1.025684,1.160658,0.5823205,0.290994
-0.08817312,0.9917194,1.128861,0.573907,0.2801167
-0.09623899,1.048009,1.184751,0.5750484,0.2981439
0.1010259,1.100869,1.2,0.5471302,0.3150726
-0.09092917,1.004927,1.153509,0.574297,0.2843462
-0.09376153,1.024693,1.173135,0.5746979,0.2906768
0.08591297,0.9870818,1.102942,0.549269,0.2786313
0.09623898,1.048009,1.184751,0.5478077,0.2981439
0.1597919,1.100869,1.177395,0.5388132,0.3150726
0.08817311,0.9917194,1.128861,0.5489493,0.2801167
0.09092917,1.004927,1.153509,0.5485591,0.2843462
0.09376151,1.024693,1.173135,0.5481583,0.2906768
0.1524505,1.049615,1.169212,0.5398523,0.2986581
0.2163656,1.100869,1.151715,0.5308065,0.3150726
0.1250873,0.9870816,1.097044,0.543725,0.2786313
0.1328129,0.9918417,1.121601,0.5426315,0.2801557
0.140726,1.005397,1.143939,0.5415117,0.2844971
0.1476218,1.025684,1.160658,0.5405356,0.290994
0.2064055,1.049514,1.144699,0.5322161,0.2986259
0.2652092,1.100869,1.111719,0.523894,0.3150726
0.1601006,0.9870818,1.081151,0.5387696,0.2786313
0.1741086,0.9918342,1.102855,0.536787,0.2801532
0.1878275,1.005368,1.122553,0.5348454,0.2844876
0.1991687,1.025622,1.137247,0.5332404,0.2909744
0.2529706,1.049388,1.106531,0.5256259,0.2985856
0.3015415,1.100869,1.061321,0.518752,0.3150726
0.1909655,0.9870818,1.055877,0.5344014,0.2786313
0.210153,0.9918245,1.073337,0.5316858,0.2801504
0.2286744,1.005331,1.089094,0.5290645,0.2844759
0.2437099,1.025544,1.100751,0.5269367,0.2909492
0.2875893,1.049251,1.058451,0.5207266,0.2985416
0.3218062,1.100869,1.005454,0.5158838,0.3150726
0.2134514,0.9870816,1.024686,0.531219,0.2786313
0.2366712,0.9918141,1.036548,0.5279328,0.280147
0.2283769,0.9870818,0.9835386,0.5291067,0.2786313
0.2589143,1.005291,1.04713,0.5247848,0.2844629
0.2767944,1.02546,1.054821,0.5222542,0.2909223
0.3573197,1.359871,0.4716033,0.5108578,0.3980204
0.320874,1.268849,0.7919226,0.5160157,0.3688695
0.320874,1.502069,0.5254266,0.5160157,0.4435606
0.2471655,1.22126,0.8463007,0.5264476,0.353629
0.342171,1.15091,0.8361462,0.5130016,0.3310988
0.3218062,1.100869,1.005454,0.5158838,0.3150726
0.3081691,1.150887,1.005194,0.5178139,0.3310915
0.3015415,1.100869,1.061321,0.518752,0.3150726
0.2887791,1.150826,1.058696,0.5205581,0.3310715
0.2652092,1.100869,1.111719,0.523894,0.3150726
0.254004,1.150739,1.106969,0.5254797,0.3310438
0.2163656,1.100869,1.151715,0.5308065,0.3150726
0.207241,1.150646,1.145287,0.532098,0.3310143
0.1597919,1.100869,1.177395,0.5388132,0.3150726
0.1530638,1.150567,1.169895,0.5397654,0.3309889
0.1010259,1.100869,1.2,0.5471302,0.3150726
0.09663143,1.152212,1.186001,0.5477521,0.3315159
-0.1010259,1.100869,1.2,0.575726,0.3150726
-0.09663143,1.152212,1.186001,0.575104,0.3315159
-0.1597919,1.100869,1.177395,0.5840429,0.3150726
-0.1530638,1.150567,1.169895,0.5830907,0.3309889
-0.2163656,1.100869,1.151715,0.5920497,0.3150726
-0.207241,1.150646,1.145287,0.5907582,0.3310143
-0.2652092,1.100869,1.111719,0.5989622,0.3150726
-0.254004,1.150739,1.106969,0.5973765,0.3310438
-0.3015415,1.100869,1.061321,0.6041042,0.3150726
-0.2887791,1.150826,1.058696,0.6022981,0.3310715
-0.3218062,1.100869,1.005454,0.6069723,0.3150726
-0.3081691,1.150887,1.005194,0.6050423,0.3310915
0.09395806,1.178636,1.173296,0.5481305,0.3399781
-0.09395806,1.178636,1.173296,0.5747257,0.3399781
-0.1478252,1.17762,1.160488,0.5823494,0.339653
-0.199359,1.177669,1.137086,0.5896428,0.3396688
-0.2438988,1.177726,1.100599,0.5959463,0.3396869
-0.2769833,1.17778,1.054684,0.6006286,0.3397039
-0.2955155,1.177818,1.003565,0.6032515,0.3397163
0.1478252,1.17762,1.160488,0.5405068,0.339653
0.199359,1.177669,1.137086,0.5332135,0.3396688
0.2438988,1.177726,1.100599,0.5269098,0.3396869
0.2769833,1.17778,1.054684,0.5222275,0.3397039
0.2955155,1.177818,1.003565,0.5196047,0.3397163
0.3284102,1.177832,0.8400323,0.5149491,0.3397208
0.09086815,1.201036,1.151524,0.5485678,0.3471523
0.1402318,1.200555,1.141863,0.5415816,0.3469979
0.1868203,1.200578,1.120711,0.534988,0.3470053
0.2272495,1.200605,1.087598,0.5292663,0.347014
0.2571639,1.20063,1.046092,0.5250325,0.3470221
0.2741657,1.200649,0.9992065,0.5226263,0.3470279
0.305523,1.200655,0.8433265,0.5181885,0.3470302
0.2769937,1.215905,0.8455276,0.522226,0.3519141
0.2473702,1.215903,0.9927828,0.5264186,0.3519137
0.2323381,1.215899,1.034228,0.528546,0.3519119
0.2065905,1.215892,1.069946,0.5321899,0.3519098
0.1715336,1.215885,1.098655,0.5371514,0.3519075
0.2192082,1.22126,0.9852716,0.5304043,0.353629
0.2062854,1.22126,1.020898,0.5322332,0.353629
0.1850672,1.22126,1.05033,0.5352361,0.353629
0.1558262,1.22126,1.074275,0.5393744,0.353629
0.1227872,1.22126,1.089271,0.5440503,0.353629
0.08531212,1.22126,1.094914,0.5493541,0.353629
-0.08531211,1.22126,1.094914,0.573502,0.353629
0.1314396,1.215879,1.116855,0.5428259,0.3519055
0.0878321,1.216004,1.124,0.5489976,0.3519457
-0.08783209,1.216004,1.124,0.5738588,0.3519457
-0.1227872,1.22126,1.089271,0.5788058,0.353629
-0.09086815,1.201036,1.151524,0.5742884,0.3471523
-0.1314397,1.215879,1.116855,0.5800304,0.3519055
-0.1402318,1.200555,1.141863,0.5812746,0.3469979
-0.1558263,1.22126,1.074275,0.5834817,0.353629
-0.1715336,1.215885,1.098655,0.5857047,0.3519075
-0.1868203,1.200578,1.120711,0.5878682,0.3470053
-0.1850671,1.22126,1.05033,0.58762,0.353629
-0.2065905,1.215892,1.069946,0.5906663,0.3519098
-0.2272494,1.200605,1.087598,0.5935898,0.347014
-0.2062854,1.22126,1.020898,0.590623,0.353629
-0.232338,1.215899,1.034228,0.5943102,0.3519119
-0.2571638,1.20063,1.046092,0.5978236,0.3470221
-0.2192082,1.22126,0.9852716,0.5924519,0.353629
-0.2473702,1.215903,0.9927828,0.5964376,0.3519137
-0.2741657,1.200649,0.9992065,0.6002299,0.3470279
-0.2471655,1.22126,0.8463007,0.5964085,0.353629
-0.320874,1.268849,0.7919226,0.6068404,0.3688695
-0.320874,1.502069,0.5254266,0.6068404,0.4435606
-0.3573197,1.359871,0.4716033,0.6119984,0.3980204
-0.2769937,1.215905,0.8455276,0.6006301,0.3519141
-0.305523,1.200655,0.8433265,0.6046678,0.3470302
-0.3284102,1.177832,0.8400323,0.607907,0.3397208
-0.342171,1.15091,0.8361462,0.6098544,0.3310988
0.3407066,1.049001,0.8368444,0.513209,0.2984616
0.3264972,1.004198,0.5171223,0.51522,0.284113
0.3573197,1.359871,0.4716033,0.5108578,0.3980204
0.3573197,1.100869,0.828923,0.5108578,0.3150726
0.3310905,1.389108,0.6503463,0.02019295,0.7790663
0.3151772,1.385649,0.6503463,0.0222688,0.7766633
0.1628139,1.385649,0.6503463,0.04214342,0.7766633
0.1469006,1.389108,0.6503463,0.04421914,0.7790663
0.3445812,1.398957,0.6503463,0.01843327,0.7859075
0.1334099,1.398957,0.6503463,0.04597882,0.7859075
0.3535953,1.413698,0.6503463,0.01725742,0.7961471
0.1243958,1.413698,0.6503463,0.04715468,0.7961471
0.3567607,1.431087,0.6503463,0.01684449,0.8082257
0.1212304,1.431087,0.6503463,0.0475676,0.8082257
0.3567607,1.597572,0.6503463,0.01684449,0.9238683
0.1212304,1.597572,0.6503463,0.0475676,0.9238683
0.3535953,1.614961,0.6503463,0.01725742,0.9359465
0.1243958,1.614961,0.6503463,0.04715468,0.9359465
0.3445812,1.629702,0.6503463,0.01843327,0.9461852
0.1334099,1.629702,0.6503463,0.04597882,0.9461852
0.3310905,1.639551,0.6503463,0.02019295,0.9530273
0.1469006,1.639551,0.6503463,0.04421914,0.9530273
0.3151772,1.64301,0.6503463,0.0222688,0.95543
0.1628139,1.64301,0.6503463,0.04214342,0.95543
-0.1469006,1.389108,0.6503463,0.08254328,0.7790663
-0.1628139,1.385649,0.6503463,0.084619,0.7766633
-0.3151772,1.385649,0.6503463,0.1044936,0.7766633
-0.3310905,1.389108,0.6503463,0.1065695,0.7790663
-0.1334099,1.398957,0.6503463,0.08078347,0.7859075
-0.3445812,1.398957,0.6503463,0.1083291,0.7859075
-0.1243958,1.413698,0.6503463,0.07960764,0.7961471
-0.3535953,1.413698,0.6503463,0.109505,0.7961471
-0.1212304,1.431087,0.6503463,0.07919469,0.8082257
-0.3567607,1.431087,0.6503463,0.1099179,0.8082257
-0.1212304,1.597572,0.6503463,0.07919469,0.9238683
-0.3567607,1.597572,0.6503463,0.1099179,0.9238683
-0.1243958,1.614961,0.6503463,0.07960764,0.9359465
-0.3535953,1.614961,0.6503463,0.109505,0.9359465
-0.1334099,1.629702,0.6503463,0.08078347,0.9461852
-0.3445812,1.629702,0.6503463,0.1083291,0.9461852
-0.1469006,1.639551,0.6503463,0.08254328,0.9530273
-0.3310905,1.639551,0.6503463,0.1065695,0.9530273
-0.1628139,1.64301,0.6503463,0.084619,0.95543
-0.3151772,1.64301,0.6503463,0.1044936,0.95543
0.3567607,1.431087,0.824398,0.01684449,0.8082257
0.3567607,1.431087,0.6503463,0.01684449,0.8082257
0.3567607,1.597572,0.6503463,0.01684449,0.9238683
0.3535953,1.413698,0.6503463,0.01725742,0.7961471
0.3535953,1.413699,0.824398,0.01725742,0.7961471
0.3445812,1.398957,0.6503463,0.01843327,0.7859075
0.3445812,1.398957,0.824398,0.01843327,0.7859075
0.3310905,1.389108,0.6503463,0.02019295,0.7790663
0.3310905,1.389108,0.824398,0.02019295,0.7790663
0.3151772,1.385649,0.6503463,0.0222688,0.7766633
0.3424665,1.401268,0.8382941,0.01870909,0.7875123
0.3497751,1.413263,0.8390368,0.01775569,0.795844
0.3567607,1.597572,0.824398,0.01684449,0.9238683
0.3535953,1.431087,0.8386787,0.01725742,0.8082257
0.3535953,1.614961,0.824398,0.01725742,0.9359465
0.3535953,1.614961,0.6503463,0.01725742,0.9359465
0.3445812,1.629701,0.824398,0.01843327,0.9461852
0.3445812,1.629702,0.6503463,0.01843327,0.9461852
0.3310905,1.639551,0.824398,0.02019295,0.9530264
0.3310905,1.639551,0.6503463,0.02019295,0.9530273
0.3424665,1.627391,0.8382941,0.01870909,0.9445804
0.3497751,1.615396,0.8390368,0.01775569,0.9362487
0.3151772,1.64301,0.824398,0.0222688,0.95543
0.3151772,1.64301,0.6503463,0.0222688,0.95543
0.1628139,1.64301,0.6503463,0.04214342,0.95543
0.3314893,1.635377,0.8390368,0.02014095,0.9501272
0.3535953,1.597572,0.8386787,0.01725742,0.9238683
0.3391854,1.623806,0.8459434,0.01913707,0.9420901
0.3424665,1.614492,0.8488878,0.01870909,0.9356202
0.1628139,1.64301,0.824398,0.04214342,0.95543
0.3151772,1.639551,0.8386787,0.0222688,0.9530264
0.3306617,1.627391,0.8488878,0.02024892,0.9445804
0.3314893,1.615396,0.8554467,0.02014095,0.9362487
0.1469006,1.639551,0.824398,0.04421914,0.9530264
0.1469006,1.639551,0.6503463,0.04421914,0.9530273
0.1334099,1.629701,0.824398,0.04597882,0.9461852
0.1334099,1.629702,0.6503463,0.04597882,0.9461852
0.1243958,1.614961,0.824398,0.04715468,0.9359465
0.1243958,1.614961,0.6503463,0.04715468,0.9359465
0.1355246,1.627391,0.8382941,0.04570311,0.9445804
0.1465018,1.635377,0.8390368,0.04427115,0.9501272
0.1628139,1.639551,0.8386787,0.04214342,0.9530264
0.3151772,1.629701,0.8507857,0.0222688,0.9461852
0.1212304,1.597572,0.824398,0.0475676,0.9238683
0.1212304,1.597572,0.6503463,0.0475676,0.9238683
0.1212304,1.431087,0.6503463,0.0475676,0.8082257
0.128216,1.615396,0.8390368,0.0466564,0.9362487
0.1388057,1.623806,0.8459434,0.04527503,0.9420901
0.3151772,1.614961,0.858875,0.0222688,0.9359465
0.1473294,1.627391,0.8488878,0.0441632,0.9445804
0.1628139,1.629701,0.8507857,0.04214342,0.9461852
0.1628139,1.614961,0.858875,0.04214342,0.9359465
0.3151772,1.597573,0.8617157,0.0222688,0.9238683
0.1465018,1.615396,0.8554467,0.04427115,0.9362487
0.1355246,1.614492,0.8488878,0.04570311,0.9356202
0.1628139,1.597573,0.8617157,0.04214342,0.9238683
0.3310905,1.597572,0.858875,0.02019295,0.9238683
0.1243958,1.597572,0.8386787,0.04715468,0.9238683
0.1469006,1.597572,0.858875,0.04421914,0.9238683
0.3445812,1.597572,0.8507857,0.01843327,0.9238683
0.3445812,1.431087,0.8507857,0.01843327,0.8082257
0.3310905,1.431087,0.858875,0.02019295,0.8082257
0.3424665,1.414167,0.8488878,0.01870909,0.7964724
0.3151772,1.431087,0.8617157,0.0222688,0.8082257
0.1628139,1.431087,0.8617157,0.04214342,0.8082257
0.3314893,1.413263,0.8554467,0.02014095,0.795844
0.3391854,1.404853,0.8459434,0.01913707,0.7900029
0.3151772,1.413698,0.858875,0.0222688,0.7961471
0.3314893,1.393282,0.8390368,0.02014095,0.7819654
0.3306617,1.401268,0.8488878,0.02024892,0.7875123
0.3151772,1.385649,0.824398,0.0222688,0.7766633
0.3151772,1.389108,0.8386787,0.0222688,0.7790663
0.3151772,1.398957,0.8507857,0.0222688,0.7859075
0.1628139,1.385649,0.824398,0.04214342,0.7766633
0.1628139,1.385649,0.6503463,0.04214342,0.7766633
0.1469006,1.389108,0.6503463,0.04421914,0.7790663
0.1628139,1.413698,0.858875,0.04214342,0.7961471
0.1628139,1.389108,0.8386787,0.04214342,0.7790663
0.1628139,1.398957,0.8507857,0.04214342,0.7859075
0.1469006,1.389108,0.824398,0.04421914,0.7790663
0.1334099,1.398957,0.6503463,0.04597882,0.7859075
0.1473294,1.401268,0.8488878,0.0441632,0.7875123
0.1465018,1.393282,0.8390368,0.04427115,0.7819654
0.1465018,1.413263,0.8554467,0.04427115,0.795844
0.1334099,1.398957,0.824398,0.04597882,0.7859075
0.1243958,1.413698,0.6503463,0.04715468,0.7961471
0.1355246,1.401268,0.8382941,0.04570311,0.7875123
0.1388057,1.404853,0.8459434,0.04527503,0.7900029
0.1243958,1.413699,0.824398,0.04715468,0.7961471
0.1469006,1.431087,0.858875,0.04421914,0.8082257
0.128216,1.413263,0.8390368,0.0466564,0.795844
0.1212304,1.431087,0.824398,0.0475676,0.8082257
0.1355246,1.414167,0.8488878,0.04570311,0.7964724
0.1243958,1.431087,0.8386787,0.04715468,0.8082257
0.1334099,1.431087,0.8507857,0.04597882,0.8082257
0.1334099,1.597572,0.8507857,0.04597882,0.9238683
-0.3567607,1.431087,0.824398,0.1099179,0.8082257
-0.3567607,1.597572,0.6503463,0.1099179,0.9238683
-0.3567607,1.431087,0.6503463,0.1099179,0.8082257
-0.3535953,1.413698,0.6503463,0.109505,0.7961471
-0.3535953,1.413699,0.824398,0.109505,0.7961471
-0.3445812,1.398957,0.6503463,0.1083291,0.7859075
-0.3445812,1.398957,0.824398,0.1083291,0.7859075
-0.3310905,1.389108,0.6503463,0.1065695,0.7790663
-0.3310905,1.389108,0.824398,0.1065695,0.7790663
-0.3151772,1.385649,0.6503463,0.1044936,0.7766633
-0.3424665,1.401268,0.8382941,0.1080533,0.7875123
-0.3497751,1.413263,0.8390368,0.1090067,0.795844
-0.3567607,1.597572,0.824398,0.1099179,0.9238683
-0.3535953,1.431087,0.8386787,0.109505,0.8082257
-0.3535953,1.614961,0.824398,0.109505,0.9359465
-0.3535953,1.614961,0.6503463,0.109505,0.9359465
-0.3445812,1.629701,0.824398,0.1083291,0.9461852
-0.3445812,1.629702,0.6503463,0.1083291,0.9461852
-0.3310905,1.639551,0.824398,0.1065695,0.9530264
-0.3310905,1.639551,0.6503463,0.1065695,0.9530273
-0.3424665,1.627391,0.8382941,0.1080533,0.9445804
-0.3497751,1.615396,0.8390368,0.1090067,0.9362487
-0.3151772,1.64301,0.824398,0.1044936,0.95543
-0.3151772,1.64301,0.6503463,0.1044936,0.95543
-0.1628139,1.64301,0.6503463,0.084619,0.95543
-0.3314893,1.635377,0.8390368,0.1066215,0.9501272
-0.3535953,1.597572,0.8386787,0.109505,0.9238683
-0.3391854,1.623806,0.8459434,0.1076254,0.9420901
-0.3424665,1.614492,0.8488878,0.1080533,0.9356202
-0.1628139,1.64301,0.824398,0.084619,0.95543
-0.3151772,1.639551,0.8386787,0.1044936,0.9530264
-0.3306617,1.627391,0.8488878,0.1065134,0.9445804
-0.3314893,1.615396,0.8554467,0.1066215,0.9362487
-0.1469006,1.639551,0.824398,0.08254328,0.9530264
-0.1469006,1.639551,0.6503463,0.08254328,0.9530273
-0.1334099,1.629701,0.824398,0.08078347,0.9461852
-0.1334099,1.629702,0.6503463,0.08078347,0.9461852
-0.1243958,1.614961,0.824398,0.07960764,0.9359465
-0.1243958,1.614961,0.6503463,0.07960764,0.9359465
-0.1355246,1.627391,0.8382941,0.08105931,0.9445804
-0.1465018,1.635377,0.8390368,0.08249127,0.9501272
-0.1628139,1.639551,0.8386787,0.084619,0.9530264
-0.3151772,1.629701,0.8507857,0.1044936,0.9461852
-0.1212304,1.597572,0.824398,0.07919469,0.9238683
-0.1212304,1.597572,0.6503463,0.07919469,0.9238683
-0.1212304,1.431087,0.6503463,0.07919469,0.8082257
-0.128216,1.615396,0.8390368,0.08010602,0.9362487
-0.1388057,1.623806,0.8459434,0.08148728,0.9420901
-0.3151772,1.614961,0.858875,0.1044936,0.9359465
-0.1473294,1.627391,0.8488878,0.08259912,0.9445804
-0.1628139,1.629701,0.8507857,0.084619,0.9461852
-0.1628139,1.614961,0.858875,0.084619,0.9359465
-0.3151772,1.597573,0.8617157,0.1044936,0.9238683
-0.1465018,1.615396,0.8554467,0.08249127,0.9362487
-0.1355246,1.614492,0.8488878,0.08105931,0.9356202
-0.1628139,1.597573,0.8617157,0.084619,0.9238683
-0.3310905,1.597572,0.858875,0.1065695,0.9238683
-0.1243958,1.597572,0.8386787,0.07960764,0.9238683
-0.1469006,1.597572,0.858875,0.08254328,0.9238683
-0.3445812,1.597572,0.8507857,0.1083291,0.9238683
-0.3445812,1.431087,0.8507857,0.1083291,0.8082257
-0.3310905,1.431087,0.858875,0.1065695,0.8082257
-0.3424665,1.414167,0.8488878,0.1080533,0.7964724
-0.3151772,1.431087,0.8617157,0.1044936,0.8082257
-0.1628139,1.431087,0.8617157,0.084619,0.8082257
-0.3391854,1.404853,0.8459434,0.1076254,0.7900029
-0.3314893,1.413263,0.8554467,0.1066215,0.795844
-0.3314893,1.393282,0.8390368,0.1066215,0.7819654
-0.3151772,1.413698,0.858875,0.1044936,0.7961471
-0.3306617,1.401268,0.8488878,0.1065134,0.7875123
-0.3151772,1.385649,0.824398,0.1044936,0.7766633
-0.3151772,1.389108,0.8386787,0.1044936,0.7790663
-0.3151772,1.398957,0.8507857,0.1044936,0.7859075
-0.1628139,1.385649,0.824398,0.084619,0.7766633
-0.1628139,1.385649,0.6503463,0.084619,0.7766633
-0.1469006,1.389108,0.6503463,0.08254328,0.7790663
-0.1628139,1.413698,0.858875,0.084619,0.7961471
-0.1628139,1.389108,0.8386787,0.084619,0.7790663
-0.1628139,1.398957,0.8507857,0.084619,0.7859075
-0.1469006,1.389108,0.824398,0.08254328,0.7790663
-0.1334099,1.398957,0.6503463,0.08078347,0.7859075
-0.1473294,1.401268,0.8488878,0.08259912,0.7875123
-0.1465018,1.393282,0.8390368,0.08249127,0.7819654
-0.1465018,1.413263,0.8554467,0.08249127,0.795844
-0.1334099,1.398957,0.824398,0.08078347,0.7859075
-0.1243958,1.413698,0.6503463,0.07960764,0.7961471
-0.1355246,1.401268,0.8382941,0.08105931,0.7875123
-0.1388057,1.404853,0.8459434,0.08148728,0.7900029
-0.1243958,1.413699,0.824398,0.07960764,0.7961471
-0.1469006,1.431087,0.858875,0.08254328,0.8082257
-0.128216,1.413263,0.8390368,0.08010602,0.795844
-0.1212304,1.431087,0.824398,0.07919469,0.8082257
-0.1355246,1.414167,0.8488878,0.08105931,0.7964724
-0.1243958,1.431087,0.8386787,0.07960764,0.8082257
-0.1334099,1.431087,0.8507857,0.08078347,0.8082257
-0.1334099,1.597572,0.8507857,0.08078347,0.9238683
